region,source_category,item_title,target,period,content,method,contact,location,full_text,source_url
중구,,<외식업 특화 일자리 사업 안내>,"지원자격 : 만18세 이상 원하는 사람 누구나(중구민 우선) / ※단, 한국어 가능자 및 취업가능 비자 소지자에 한함","근무시간 : 상용직, 시간제(파트타임) 선택 가능","○ 건    명 : 맛있는 일자리, 외식업 무료직업소개소 운영 안내 / ○ 직    종 : 음식점 종사자(매니저, 요리사, 홀서빙, 주방보조 등)",이용방법 - (구직자) 1회 접수처 방문 후 비대면(전화) 일자리 신청 / ※ 방문 전 전화요망 - (구인업체) 직업소개소 이요 등록 및 구인 신청 → 추천대상자 확인 후 채용,"(사)한국외식업중앙회 중구지회 (☎ 02-2238-9297) / - 주소 : 서울특별시 중구 다산로 162, 약수빌딩 601호",근무지역 : 서울시 중구,"▶ <외식업 특화 일자리 사업 안내>
○ 건    명 : 맛있는 일자리, 외식업 무료직업소개소 운영 안내
○ 직    종 : 음식점 종사자(매니저, 요리사, 홀서빙, 주방보조 등)
○ 지원자격 : 만18세 이상 원하는 사람 누구나(중구민 우선)
※단, 한국어 가능자 및 취업가능 비자 소지자에 한함
○ 근무시간 : 상용직, 시간제(파트타임) 선택 가능
○ 근무지역 : 서울시 중구
○ 이용방법 - (구직자) 1회 접수처 방문 후 비대면(전화) 일자리 신청
※ 방문 전 전화요망 - (구인업체) 직업소개소 이요 등록 및 구인 신청 → 추천대상자 확인 후 채용
○ 접 수 처 : (사)한국외식업중앙회 중구지회 (☎ 02-2238-9297)
- 주소 : 서울특별시 중구 다산로 162, 약수빌딩 601호",https://www.junggu.seoul.kr/content.do?cmsid=16539&mode=view&cid=1397354427
중구,,<외국인 재난안전 서비스 안내>,,,○ (긴급신고 운영) 긴급상황에서 112·119 등 긴급기관에 전화 신고 시 통역서비스 제공 / ○ (스마트폰 신고 앱) ''긴급신고 바로''앱 을 통해 영어·중국어·일본어·베트남어·필리핀어로 그림·문구 선택하여 신고 / ※긴급신고 바로 앱 = EMERGENCY READY APP ○ (행동요령 안내) ''긴급신고 바로'' 앱을 통해 자연·사회재난 및 안전사고에 대한 행동요령 및 긴급상황 시 119 전화 연결 안내,,,【앱 다운 QR 코드】 / [안드로이드용] / [IOS용],"▶ <외국인 재난안전 서비스 안내>
○ (긴급신고 운영) 긴급상황에서 112·119 등 긴급기관에 전화 신고 시 통역서비스 제공
○ (스마트폰 신고 앱) ''긴급신고 바로''앱 을 통해 영어·중국어·일본어·베트남어·필리핀어로 그림·문구 선택하여 신고
※긴급신고 바로 앱 = EMERGENCY READY APP ○ (행동요령 안내) ''긴급신고 바로'' 앱을 통해 자연·사회재난 및 안전사고에 대한 행동요령 및 긴급상황 시 119 전화 연결 안내
※ 국가정보자원관리원 화재로 인해 오프라인 모드만 활용, 대피장소·병원·소방서 등 위치정보 안내 불가
【앱 다운 QR 코드】
[안드로이드용]
[IOS용]",https://www.junggu.seoul.kr/content.do?cmsid=16539&mode=view&cid=1397341053
중구,,"글로벌 중구톡 가입 이벤트 「반갑다, 중구야!」실시",,기    간 : 2025. 10. 1.(수) ~ 11. 15.(토) / ※ 당첨자발표 : 11. 17.(월) 예정,,응모방법 : / https://forms.gle/UKaMUR1rBrfy7hmg6 / ( / https://forms.gle/UKaMUR1rBrfy7hmg6) / - (신규가입자) / [필수]알림톡 가입↑,- (기존가입자) 신규가입자가 추천인으로 입력 시 자동 응모 / ※ 많이 추천될수록 당첨확률 Up! / ☆ 아래 이미지를 클릭하면 글로벌 중구톡 가입 링크로 연결됩니다! ↓ Click the image below! / ( / https://forms.gle/UKaMUR1rBrfy7hmg6),,"▶ 글로벌 중구톡 가입 이벤트 「반갑다, 중구야!」실시
기    간 : 2025. 10. 1.(수) ~ 11. 15.(토)
※ 당첨자발표 : 11. 17.(월) 예정
응모방법 :
https://forms.gle/UKaMUR1rBrfy7hmg6
(
https://forms.gle/UKaMUR1rBrfy7hmg6)
- (신규가입자)
[필수]알림톡 가입↑
및 [선택]추천인의 이름과 연락처 뒷자리(0000) 입력
- (기존가입자) 신규가입자가 추천인으로 입력 시 자동 응모
※ 많이 추천될수록 당첨확률 Up!
☆ 아래 이미지를 클릭하면 글로벌 중구톡 가입 링크로 연결됩니다! ↓ Click the image below!
(
https://forms.gle/UKaMUR1rBrfy7hmg6)",https://www.junggu.seoul.kr/content.do?cmsid=16539&mode=view&cid=139645355
중구,,2025년도 다국어 생활안내책자 설문조사 실시,대상 : 관내 외국인주민 / ★ 설문조사 참여하기 / - / https://naver.me/FhfsHX1i / ( / https://naver.me/FhfsHX1i) / (Eng) / - / https://naver.me/546yiZxf / ( / https://naver.me/546yiZxf) / (中文) / or Click the image below! ↓ / ( / https://naver.me/FhfsHX1i),기간 : 2025. 10. 1.(수) ~ 10. 24.(금) / ※ 당첨자발표 : 10. 27.(월) 예정,,,,,"▶ 2025년도 다국어 생활안내책자 설문조사 실시
○ 기간 : 2025. 10. 1.(수) ~ 10. 24.(금)
※ 당첨자발표 : 10. 27.(월) 예정
○ 대상 : 관내 외국인주민
★ 설문조사 참여하기
-
https://naver.me/FhfsHX1i
(
https://naver.me/FhfsHX1i)
(Eng)
-
https://naver.me/546yiZxf
(
https://naver.me/546yiZxf)
(中文)
or Click the image below! ↓
(
https://naver.me/FhfsHX1i)",https://www.junggu.seoul.kr/content.do?cmsid=16539&mode=view&cid=1396447265
중구,,[안전]2025년 온열질환예방지침(17개국 번역본),,,"온열질환예방지침 17개 외국어 번역본 파일을 게재하오니 폭염을 대비하여 노사 모두 참고하시기 바랍니다. / ㅇ 17개 외국어(첨부파일): 네팔, 동티모르, 라오스, 몽골, 미얀마, 방글라데시, 베트남, 스리랑카, 영어, 우즈베키스탄, 인도네시아, 중국, 캄보디아, 키르기스스탄, 태국, 파키스탄, 필리핀 / 출처 : 고용노동부",,,,"▶ [안전]2025년 온열질환예방지침(17개국 번역본)
온열질환예방지침 17개 외국어 번역본 파일을 게재하오니 폭염을 대비하여 노사 모두 참고하시기 바랍니다.
ㅇ 17개 외국어(첨부파일): 네팔, 동티모르, 라오스, 몽골, 미얀마, 방글라데시, 베트남, 스리랑카, 영어, 우즈베키스탄, 인도네시아, 중국, 캄보디아, 키르기스스탄, 태국, 파키스탄, 필리핀
출처 : 고용노동부",https://www.junggu.seoul.kr/content.do?cmsid=16539&mode=view&cid=1377075221
중구,,< 오! 빙고! 생수냉장고 운영 안내 >,"ㅇ 운영대상 : 안전취약계층 (노약자, 장애인, 저소득층, 폭염에 장시간 노출된 자 등)","ㅇ 운영기간 : 2025년 7~8월(2개월) / ㅇ 운영시간 : 매일 10시~생수 소진 시까지 / ㅇ 생수보충 : 1일 3회(10시, 13시, 16시), 1개소당 1일 600병 씩 공급 / ※ 재난종합상황실 CCTV와 수시로 순찰 점검을 시행합니다",이것만은 꼭 지켜주세요! / - 한 사람당 한 병씩만 이용해 주세요 / - 다 드신 페트병은 꼭 가져가 주세요,,ㅇ 문의사항 : 중구청 생활안전과 ☎ 02-3396-4474,행정동 / 공동작업장 / 중구 후암로 60길 16-9 / 회현동 / 청구역 쉼터 / 중구 신당동 294-40 / 청구동 / 황학쌈지공원 / 중구 마장로 87~89 사이 / 황학동 / 다산어린이공원 / 중구 신당동 123-1 / 신당5동 / 손기정체육공원 / 중구 손기정로 101-5 / 중림동 / ※ 다산어린이공원은 공사완료(7월 중순) 후 운영 예정,"▶ < 오! 빙고! 생수냉장고 운영 안내 >
이것만은 꼭 지켜주세요!
- 한 사람당 한 병씩만 이용해 주세요
- 다 드신 페트병은 꼭 가져가 주세요
ㅇ 운영기간 : 2025년 7~8월(2개월)
ㅇ 운영대상 : 안전취약계층 (노약자, 장애인, 저소득층, 폭염에 장시간 노출된 자 등)
ㅇ 운영시간 : 매일 10시~생수 소진 시까지
ㅇ 생수보충 : 1일 3회(10시, 13시, 16시), 1개소당 1일 600병 씩 공급
※ 순환제공으로 장소별 도착시간이 상이할 수 있습니다
※ 재난종합상황실 CCTV와 수시로 순찰 점검을 시행합니다
ㅇ 운영장소
운영장소
설치장소명
행정동
공동작업장
중구 후암로 60길 16-9
회현동
청구역 쉼터
중구 신당동 294-40
청구동
황학쌈지공원
중구 마장로 87~89 사이
황학동
다산어린이공원
중구 신당동 123-1
신당5동
손기정체육공원
중구 손기정로 101-5
중림동
※ 다산어린이공원은 공사완료(7월 중순) 후 운영 예정
ㅇ 문의사항 : 중구청 생활안전과 ☎ 02-3396-4474",https://www.junggu.seoul.kr/content.do?cmsid=16539&mode=view&cid=1377055652
중구,,<중구 무더위쉼터 운영 안내>,,ㅇ 운영기간 : 2025.5.15.~2025.9.30.(폭염대책기간) / ※폭염특보 발효 시 주민센터 연장운영 주말·공휴일 09:00~18:00,,,"ㅇ 문의전화 : 중구 생활안전과 ☎ 02-3396-4474, 4000","ㅇ 지정현황 : 총66개소 / (경로당 31개소, 공공청사 17개소, 복지관 4개소, 도서관 7개소, 문화체육시설 7개소) / 공공청사 17개소 / 중구청, 소공동주민센터, 회현동주민센터, 명동주민센터, 필동주민센터, 장충동주민센터, 광희동주민센터, 을지로동주민센터, 신당동주민센터, 다산동주민센터, 약수동주민센터, 청구동주민센터, 신당5동주민센터, 동화동주민센터, 황학동주민센터, 중림동주민센터, 중구시설관리공단 / 경로당 31개소 / 회현경로당, 명동경로당, 필동경로당, 묵정경로당, 장충경로당, 공원장충경로당, 광희경로당, 을지경로당, 신당경로당, 신일경로당, 다산경로당, 장수경로당, 충현경로당, 약수경로당, 동호경로당, 청송경로당, 삼성경로당, 대양경로당, 청구경로당, 유락경로당, 신당5동경로당, 동화경로당, 현대아파트경로당, 푸르지오경로당, 청구e편한세상경로당, 동화동구립경로당, SH황학롯데캐슬경로당, 황중경로당, 충정경로당(임대), 삼성사이버경로당, 중림구립경로당 / 복지관 4개소 / 약수노인종합복지관, 신당종합사회복지관, 유락종합사회복지관, 중림종합사회복지관 / 문화체육시설 7개소 / 구민회관, 회현체육센터, 장충문화체육센터, 충무아트센터, 충무스포츠센터, 약수동커뮤니티공간(약수터), 손기정문화체육센터 / 도서관 7개소 / 가온도서관, 어울림도서관, 남산타운어린이도서관, 손기정어린이도서관, 신당누리도서관, 다산성곽도서관, 손기정문화도서관 / ※ 휴관일이 시설별로 상이하오니, 방문 전 사전 확인을 꼭 해주세요. / ※ 중구구립도서관 홈페이지에서 자세히 보기 : / https://www.junggulib.or.kr/SJGL/index.do / ( / https://www.junggulib.or.kr/SJGL/index.do)","▶ <중구 무더위쉼터 운영 안내>
ㅇ 운영기간: 2025.5.15.~2025.9.30.(폭염대책기간)
ㅇ 지정현황: 총66개소
(경로당 31개소, 공공청사 17개소, 복지관 4개소, 도서관 7개소, 문화체육시설 7개소)
공공청사 17개소
중구청, 소공동주민센터, 회현동주민센터, 명동주민센터, 필동주민센터, 장충동주민센터, 광희동주민센터, 을지로동주민센터, 신당동주민센터, 다산동주민센터, 약수동주민센터, 청구동주민센터, 신당5동주민센터, 동화동주민센터, 황학동주민센터, 중림동주민센터, 중구시설관리공단
경로당 31개소
회현경로당, 명동경로당, 필동경로당, 묵정경로당, 장충경로당, 공원장충경로당, 광희경로당, 을지경로당, 신당경로당, 신일경로당, 다산경로당, 장수경로당, 충현경로당, 약수경로당, 동호경로당, 청송경로당, 삼성경로당, 대양경로당, 청구경로당, 유락경로당, 신당5동경로당, 동화경로당, 현대아파트경로당, 푸르지오경로당, 청구e편한세상경로당, 동화동구립경로당, SH황학롯데캐슬경로당, 황중경로당, 충정경로당(임대), 삼성사이버경로당, 중림구립경로당
복지관 4개소
약수노인종합복지관, 신당종합사회복지관, 유락종합사회복지관, 중림종합사회복지관
문화체육시설 7개소
구민회관, 회현체육센터, 장충문화체육센터, 충무아트센터, 충무스포츠센터, 약수동커뮤니티공간(약수터), 손기정문화체육센터
도서관 7개소
가온도서관, 어울림도서관, 남산타운어린이도서관, 손기정어린이도서관, 신당누리도서관, 다산성곽도서관, 손기정문화도서관
※ 휴관일이 시설별로 상이하오니, 방문 전 사전 확인을 꼭 해주세요.
※ 중구구립도서관 홈페이지에서 자세히 보기 :
https://www.junggulib.or.kr/SJGL/index.do
(
https://www.junggulib.or.kr/SJGL/index.do)
※문화체육시설, 복지관, 도서관은 자체 운영시간에 따른 주말운영
※폭염특보 발효 시 주민센터 연장운영 주말·공휴일 09:00~18:00
ㅇ 문의전화: 중구 생활안전과 ☎ 02-3396-4474, 4000",https://www.junggu.seoul.kr/content.do?cmsid=16539&mode=view&cid=1377055652
중구,,<2025 중구 양산대여소 안내>,,ㅇ 운영기간 : 2025. 6. 10 ~ 9. 30 (4개월간) / 대여일로부터 7일 이내 반납,,ㅇ 대여방법 : 양산대여소에서 대여대장 작성 → 양산 대여 / ㅇ 반납방법 : 대여한 장소 또는 가까운 대여소,,"ㅇ 대여장소 : 구청, 동주민센터, 도서관 쉼터, 작은도서관 등 / 구청·동주민센터 / 구청( 1층 민원실), 15개 동주민센터 / 도서관 쉼터 / 가온도서관, 어울림도서관, 남산타운어린이도서관, 손기정어린이도서관, 신당누리도서관, 다산성곽도서관, 손기정문화도서관 / 작은도서관 / 필동작은도서관, 신당동작은도서관, 다산동작은도서관, 약수동작은도서관, 청구동작은도서관, 신당5동작은도서관","▶ <2025 중구 양산대여소 안내>
ㅇ 운영기간: 2025. 6. 10 ~ 9. 30 (4개월간)
ㅇ 대여방법: 양산대여소에서 대여대장 작성 → 양산 대여
ㅇ 대여기간: 대여일로부터 7일 이내 반납
ㅇ 반납방법: 대여한 장소 또는 가까운 대여소
※ 반납 시, 대여장소 기재 필수!
ㅇ 대여장소: 구청, 동주민센터, 도서관 쉼터, 작은도서관 등
구청·동주민센터
구청( 1층 민원실), 15개 동주민센터
도서관 쉼터
가온도서관, 어울림도서관, 남산타운어린이도서관, 손기정어린이도서관, 신당누리도서관, 다산성곽도서관, 손기정문화도서관
작은도서관
필동작은도서관, 신당동작은도서관, 다산동작은도서관, 약수동작은도서관, 청구동작은도서관, 신당5동작은도서관",https://www.junggu.seoul.kr/content.do?cmsid=16539&mode=view&cid=1377055652
중구,,<중구 청소년 진로체험 바우처 지원>,ㅇ 지원대상 : 중구에 체류지를 둔 중학교 1학년 및 13세 학교 밖 청소년 / ※출입국관리법 제 34조에 따라 외국인 등록대장에 등록되어 있는 외국인주민,2025. 9월부터 신청 및 접수 예정,,"ㅇ 지원금액 : 1인 200천원(상/하반기 각 100천원) / ㅇ 지원형태 : 포인트 카드 충전 방식(신용기능 없음) / ㅇ 사 용 처 : 진로/직업 체험, 문화예술체험, 체육시설, 서점 등",ㅇ 문       의 : 교육정책과(3396-4673),,"▶ <중구 청소년 진로체험 바우처 지원>
ㅇ 지원대상 : 중구에 체류지를 둔 중학교 1학년 및 13세 학교 밖 청소년
※출입국관리법 제 34조에 따라 외국인 등록대장에 등록되어 있는 외국인주민
ㅇ 지원금액 : 1인 200천원(상/하반기 각 100천원)
ㅇ 지원형태 : 포인트 카드 충전 방식(신용기능 없음)
ㅇ 사 용 처 : 진로/직업 체험, 문화예술체험, 체육시설, 서점 등
ㅇ 추진일정 : 2025. 9월부터 신청 및 접수 예정
ㅇ 문       의 : 교육정책과(3396-4673)",https://www.junggu.seoul.kr/content.do?cmsid=16539&mode=view&cid=1375812929
중구,,중구민 생활안전보험,ㅇ 대    상 : 등록 외국인 포함 중구 거주민 / ※ 무료 자동 가입,ㅇ 보장기간 : 2025. 2. 9.~2026. 2. 8.(1년간) / ※ 사고일로부터 3년 이내 청구 가능,ㅇ 보장내용 : 상해의료비 1인당 최대 50만원 및상해사망 장례비 1천만원 한도 등,,ㅇ 문    의 : 생활안전보험 상담센터(하나손해보험) ☎ 02-6714-6835 (F.0505-170-0765),,"▶ 중구민 생활안전보험
ㅇ 대    상 : 등록 외국인 포함 중구 거주민
※ 무료 자동 가입
ㅇ 보장기간 : 2025. 2. 9.~2026. 2. 8.(1년간)
※ 사고일로부터 3년 이내 청구 가능
ㅇ 보장내용 : 상해의료비 1인당 최대 50만원 및상해사망 장례비 1천만원 한도 등
ㅇ 문    의  : 생활안전보험 상담센터(하나손해보험) ☎ 02-6714-6835 (F.0505-170-0765)",https://www.junggu.seoul.kr/content.do?cmsid=16539&mode=view&cid=1371436405
중구,,외국인 국민건강보험,"- 직장가입자 : 건강보험 적용 사업장에 고용된 등록외국인 / - 즉시가입 : 유학(D-2), 일반연수 초·중·고생(D-4-3), 영주(F-5), 결혼이민(F-6), 비전문 취업(E-9) 자격으로 입국 등록외국인 / - 기타 : 체류기간이 6개월이 지나면 가입안내문 자동 발송",,ㅇ 내    용 : 한국 체류기간 내 질병에 걸리거나 부상을 당했을 때 자국민과 동등한 혜택을 받을 수 있도록 보험급여 실시,,"ㅇ 문    의 : 국민건강보험공단 서울외국인민원센터 ☎ 1577-1000 (외국어 서비스 단축번호 6번) ☎ 033-811-2000 (영어, 중국어, 베트남어, 우즈베크어)",,"▶ 외국인 국민건강보험
ㅇ 대    상
- 직장가입자 : 건강보험 적용 사업장에 고용된 등록외국인
- 즉시가입 : 유학(D-2), 일반연수 초·중·고생(D-4-3), 영주(F-5), 결혼이민(F-6), 비전문 취업(E-9) 자격으로 입국 등록외국인
- 기타 : 체류기간이 6개월이 지나면 가입안내문 자동 발송
ㅇ 내    용 : 한국 체류기간 내 질병에 걸리거나 부상을 당했을 때 자국민과 동등한 혜택을 받을 수 있도록 보험급여 실시
ㅇ 문    의 : 국민건강보험공단 서울외국인민원센터 ☎ 1577-1000 (외국어 서비스 단축번호 6번) ☎ 033-811-2000 (영어, 중국어, 베트남어, 우즈베크어)",https://www.junggu.seoul.kr/content.do?cmsid=16539&mode=view&cid=1371436405
중구,,< 만성질환예방 1:1 웰빙브릿지 프로그램>,ㅇ 대    상 : 20~69세 중구 거주 또는 생활권 외국인,ㅇ 기    간 : 연중,"ㅇ 주요내용 ☞ 대사증후군관리사업 · 검  사 : 복부둘레, 혈압, 공복혈당, 콜레스테롤, 체성분검사 · 상  담 : 검사 결과에 따른 1:1 맞춤형 건강관리계획 및 전문가 상담 · 저  녁 운동 : 주 2회 8주, 연령별 모집 ☞ 고혈압·당뇨병 교실 : 6월~12월 매주 목요일 14:00~16:00 · 매월 1~2주 고혈압 교실, 3~4주 당뇨 교실 · 내  용 : 고혈압·당뇨의 질환 이해, 운동·식단관리",,ㅇ 문    의 : 중구 의약과 ☎ 02-3396-6334~6338,,"▶ < 만성질환예방 1:1 웰빙브릿지 프로그램>
ㅇ 기    간 : 연중
ㅇ 대    상 : 20~69세 중구 거주 또는 생활권 외국인
ㅇ 주요내용 ☞ 대사증후군관리사업 · 검  사 : 복부둘레, 혈압, 공복혈당, 콜레스테롤, 체성분검사 · 상  담 : 검사 결과에 따른 1:1 맞춤형 건강관리계획 및 전문가 상담 · 저  녁 운동 : 주 2회 8주, 연령별 모집 ☞ 고혈압·당뇨병 교실 : 6월~12월 매주 목요일 14:00~16:00 · 매월 1~2주 고혈압 교실, 3~4주 당뇨 교실 · 내  용 : 고혈압·당뇨의 질환 이해, 운동·식단관리
ㅇ 문    의 : 중구 의약과 ☎ 02-3396-6334~6338",https://www.junggu.seoul.kr/content.do?cmsid=16539&mode=view&cid=1371424516
중구,,< 미등록 외국인 HIV 감염인 진료비 지원>,ㅇ 대    상 : HIV에 감염된 중구 거주 미등록 외국인,,"ㅇ 주요내용 : HIV 질환으로 받은 진료비, 검사비, 약제비 지원(1인당 연간 8백만원 한도)",,ㅇ 문    의 : 중구 감염병관리과 ☎02-3396-4852,,"▶ < 미등록 외국인 HIV 감염인 진료비 지원>
ㅇ 대    상 : HIV에 감염된 중구 거주 미등록 외국인
ㅇ 주요내용 : HIV 질환으로 받은 진료비, 검사비, 약제비 지원(1인당 연간 8백만원 한도)
ㅇ 문    의 : 중구 감염병관리과 ☎02-3396-4852",https://www.junggu.seoul.kr/content.do?cmsid=16539&mode=view&cid=1371412107
중구,,임산부 보건소 등록관리 지원,ㅇ 대    상 : 대한민국 국적 배우자과 결혼한 결혼이민 임신부(F6 비자 (결혼이민)),,"ㅇ 내    용 : 산전검사, 엽산제 및 철분제 공급, 출산 후 유축기 대여 지원",,ㅇ 문    의 : 중구 보건소 ☎ 02-3396-6496/5679,,"▶ 임산부 보건소 등록관리 지원
ㅇ 대    상 : 대한민국 국적 배우자과 결혼한 결혼이민 임신부(F6 비자 (결혼이민))
ㅇ 내    용 : 산전검사, 엽산제 및 철분제 공급, 출산 후 유축기 대여 지원
ㅇ 문    의 : 중구 보건소 ☎ 02-3396-6496/5679",https://www.junggu.seoul.kr/content.do?cmsid=16539&mode=view&cid=1371382243
중구,,임산부 교통비 지원,ㅇ 대    상 : 임신 3개월~출산 후 3개월 기간내 속한 서울시 거주 임산부(부부 중 한 명이 한국국적 주민),,ㅇ 내    용 : 1인당 70만원 교통포인트 지원,ㅇ 신청방법 : 등록지 관할 동주민센터 방문 신청 또는 서울맘케어시스템 온라인 신청,중구 가족정책과 ☎ 02-3396-5434,,"▶ 임산부 교통비 지원
ㅇ 대    상 : 임신 3개월~출산 후 3개월 기간내 속한 서울시 거주 임산부(부부 중 한 명이 한국국적 주민)
ㅇ 내    용 : 1인당 70만원 교통포인트 지원
ㅇ 신청방법 : 등록지 관할 동주민센터 방문 신청 또는 서울맘케어시스템 온라인 신청
ㅇ 문    의 : 중구 가족정책과 ☎ 02-3396-5434",https://www.junggu.seoul.kr/content.do?cmsid=16539&mode=view&cid=1371382243
중구,,서울아기건강첫걸음 사업 지원,ㅇ 대    상 : 중구에 거주하는 임신부 가정 및 출산가정(산후 8주 이내),,"ㅇ 내     용 : 영유아 건강 간호사의 가정방문서비스(영유아 발달 체크 및 육아정보 제공, 산모 건강관리 및 산후 우울검사 등)",ㅇ 신청방법 : (온라인)서울시임신출산정보센터( / http://seoul-agi.seoul.go.kr) / (오프라인)보건소 방문,중구보건소 ☎ 02-3396-6497/6498,,"▶ 서울아기건강첫걸음 사업 지원
ㅇ 대    상 : 중구에 거주하는 임신부 가정 및 출산가정(산후 8주 이내)
ㅇ 내     용 : 영유아 건강 간호사의 가정방문서비스(영유아 발달 체크 및 육아정보 제공, 산모 건강관리 및 산후 우울검사 등)
ㅇ 신청방법 : (온라인)서울시임신출산정보센터(
http://seoul-agi.seoul.go.kr)
(오프라인)보건소 방문
ㅇ 문    의 : 중구보건소 ☎ 02-3396-6497/6498",https://www.junggu.seoul.kr/content.do?cmsid=16539&mode=view&cid=1371382243
중구,,산후조리비용 지원,ㅇ 대     상 : 중구에 주민등록 또는 외국인 등록을 둔 출산가정 / - 신청일 기준 6개월(180일) 전부터 중구 거주 산모(F6(결혼이민) 산모 포함) / - 중구에 자녀 출생등록,ㅇ 신청기간 : 출산일 기준 60일 이내,50만원 현금 계좌 지급 및 100만원 바우처 지원,ㅇ 신청방법 : (온라인) 서울맘케어시스템 (오프라인)동주민센터 방문,ㅇ 문    의 : 중구보건소 ☎ 02-3396-5678,,"▶ 산후조리비용 지원
ㅇ 대     상 : 중구에 주민등록 또는 외국인 등록을 둔 출산가정
ㅇ 신청기간 : 출산일 기준 60일 이내
ㅇ 지원자격
- 신청일 기준 6개월(180일) 전부터 중구 거주 산모(F6(결혼이민) 산모 포함)
- 중구에 자녀 출생등록
ㅇ 신청방법 : (온라인) 서울맘케어시스템 (오프라인)동주민센터 방문
ㅇ 내    용 : 50만원 현금 계좌 지급 및 100만원 바우처 지원
ㅇ 문    의 : 중구보건소 ☎ 02-3396-5678",https://www.junggu.seoul.kr/content.do?cmsid=16539&mode=view&cid=1371382243
중구,,산모신생아 건강관리지원사업,"ㅇ 대    상 : 국내에 주민등록 또는 외국인 등록을 둔 출산가정 ※ F6(결혼이민) 산모, 부부 모두 외국인인 경우(F2(거주), F5(영주권)에 한해 지원)",ㅇ 신청기간 : 출산예정일 기준일 40일 전 ~ 출산 후 60일 이내,ㅇ 내    용 : 기준중위소득 150% 기준으로 산모신생아 건강관리사 방문서비스에 대한 정부지원금을 바우처 형태로 지원,ㅇ 신청방법 : (온라인)복지로 (오프라인)보건소 방문,중구보건소 ☎ 02-3396-6358/5678,,"▶ 산모신생아 건강관리지원사업
ㅇ 대    상 : 국내에 주민등록 또는 외국인 등록을 둔 출산가정 ※ F6(결혼이민) 산모, 부부 모두 외국인인 경우(F2(거주), F5(영주권)에 한해 지원)
ㅇ 신청기간 : 출산예정일 기준일 40일 전 ~ 출산 후 60일 이내
ㅇ 내    용 : 기준중위소득 150% 기준으로 산모신생아 건강관리사 방문서비스에 대한 정부지원금을 바우처 형태로 지원
ㅇ 신청방법 : (온라인)복지로 (오프라인)보건소 방문
ㅇ 문    의 : 중구보건소 ☎ 02-3396-6358/5678",https://www.junggu.seoul.kr/content.do?cmsid=16539&mode=view&cid=1371382243
중구,,난임부부 시술비 지원,"ㅇ 대    상 : 법적 혼인상태, 신청일 기준 1년 이상 사실혼 관계의 난임부부 / - 부부 중 한 명은 주민등록상 대한민국 국적 소유자 / - 부부 모두 건강보험 가입 및 보험료 고지 여부가 확인되는 자",,"ㅇ 내    용 : 체외수정(신선배아, 동결배아) 및 인공수정 시술비·약제비 지원 (신선배아 최대 110만원, 동결배아 최대 50만원, 인공수정 최대 30만원 한도) / ㅇ 신    청 : (온라인)정부24, e보건소공공포털 (오프라인)보건소 방문",,ㅇ 문    의 : 중구보건소 ☎ 02-3396-6357/6358,,"▶ 난임부부 시술비 지원
ㅇ 대    상 : 법적 혼인상태, 신청일 기준 1년 이상 사실혼 관계의 난임부부
ㅇ 지원자격
- 부부 중 한 명은 주민등록상 대한민국 국적 소유자
- 부부 모두 건강보험 가입 및 보험료 고지 여부가 확인되는 자
ㅇ 내    용 : 체외수정(신선배아, 동결배아) 및 인공수정 시술비·약제비 지원 (신선배아 최대 110만원, 동결배아 최대 50만원, 인공수정 최대 30만원 한도)
ㅇ 신    청 : (온라인)정부24, e보건소공공포털 (오프라인)보건소 방문
ㅇ 문    의 : 중구보건소 ☎ 02-3396-6357/6358",https://www.junggu.seoul.kr/content.do?cmsid=16539&mode=view&cid=1371382243
중구,,고위험 임산부 의료비 지원,"ㅇ 대    상 : 19대 고위험 임신질환 진단 후 입원치료를 받은 산모 ※ F6(결혼이민) 산모, 부부 모두 외국인인 경우(F5(영주권)에 한해 지원)",,"ㅇ 내    용 : 입원치료비 중 전액본인부담금 및 비급여 진료비 90%, 최대 300만원 한도 지원 / ㅇ 신    청 : (온라인)e보건소공공포털 (오프라인)보건소 방문",,ㅇ 문    의 : 중구보건소 ☎ 02-3396-6357,,"▶ 고위험 임산부 의료비 지원
ㅇ 대    상 : 19대 고위험 임신질환 진단 후 입원치료를 받은 산모 ※ F6(결혼이민) 산모, 부부 모두 외국인인 경우(F5(영주권)에 한해 지원)
ㅇ 내    용 : 입원치료비 중 전액본인부담금 및 비급여 진료비 90%, 최대 300만원 한도 지원
ㅇ 신    청 : (온라인)e보건소공공포털 (오프라인)보건소 방문
ㅇ 문    의 : 중구보건소 ☎ 02-3396-6357",https://www.junggu.seoul.kr/content.do?cmsid=16539&mode=view&cid=1371382243
중구,,35세 이상 임산부 의료비 지원,"ㅇ 대    상 : 분만예정 연도 기준 35세 이상 임산부 / ※ 배우자가 내국인인 경우 지원, 부부 모두 외국인인 경우 지원 불가",,ㅇ 내    용 : 임신 중 외래 진료 및 검사비 최대 50만원 지원 / ㅇ 신    청 : (온라인)몽땅정보만능키 (오프라인)보건소 방문,,ㅇ 문    의 : 중구보건소 ☎ 02-3396-6357,,"▶ 35세 이상 임산부 의료비 지원
ㅇ 대    상 : 분만예정 연도 기준 35세 이상 임산부
※ 배우자가 내국인인 경우 지원, 부부 모두 외국인인 경우 지원 불가
ㅇ 내    용 : 임신 중 외래 진료 및 검사비 최대 50만원 지원
ㅇ 신    청 : (온라인)몽땅정보만능키 (오프라인)보건소 방문
ㅇ 문    의 : 중구보건소 ☎ 02-3396-6357",https://www.junggu.seoul.kr/content.do?cmsid=16539&mode=view&cid=1371382243
중구,,영유아 예방접종,ㅇ 대    상 : 외국인 등록 된 영유아(외국인 등록증 지참) / ※ 외국인 미등록 시 보건소에서 임시번호 발급 후 예방접종 가능,,ㅇ 내    용 : 국가필수예방접종 18종 무료 접종 지원,,"ㅇ 문    의 : 중구보건소 예방접종실 ☎ 02-3396-6356, 6499 / ㅇ 중구 지정 위탁의료기관 목록",ㅇ 장    소 : 전국 지정 위탁의료기관(예방접종도우미 누리집 조회 가능),"▶ 영유아 예방접종
ㅇ 대    상 : 외국인 등록 된 영유아(외국인 등록증 지참)
※ 외국인 미등록 시 보건소에서 임시번호 발급 후 예방접종 가능
ㅇ 내    용 : 국가필수예방접종 18종 무료 접종 지원
ㅇ 장    소 : 전국 지정 위탁의료기관(예방접종도우미 누리집 조회 가능)
ㅇ 문    의 : 중구보건소 예방접종실 ☎ 02-3396-6356, 6499
ㅇ 중구 지정 위탁의료기관 목록",https://www.junggu.seoul.kr/content.do?cmsid=16539&mode=view&cid=1371367132
중구,,엄마아빠 택시 지원,ㅇ 대    상 : 부모 중 한명이 한국국적이고 자녀도 한국국적인 주민,,ㅇ 내    용 : 다문화가족 24개월 이하 영아 1인당 연 10만원 택시 이용 포인트 지원,ㅇ 신청방법 : 몽땅정보만능키에서 신청( / https://umppa.seoul.go.kr/hmpg/main.do),서울엄마아빠택시 고객센터 ☎ 1688-7722,,"▶ 엄마아빠 택시 지원
ㅇ 대    상 : 부모 중 한명이 한국국적이고 자녀도 한국국적인 주민
ㅇ 내    용 : 다문화가족 24개월 이하 영아 1인당 연 10만원 택시 이용 포인트 지원
ㅇ 신청방법 : 몽땅정보만능키에서 신청(
https://umppa.seoul.go.kr/hmpg/main.do)
ㅇ 문    의 : 서울엄마아빠택시 고객센터 ☎ 1688-7722",https://www.junggu.seoul.kr/content.do?cmsid=16539&mode=view&cid=1371367132
중구,,저소득층 기저귀·조제분유 지원,"ㅇ 대    상 : 국내에 주민등록 또는 외국인 등록을 한 만 2세 미만 영아 / ※ 외국인의 경우 부모 중 어느 한쪽이 대한민국 국적을 가진 경우 지원 / - 기저귀 : 기초생활보장수급자, 차상위계층, 한부모가족 수급 가구, 기준중위소득 80%이하 장애인 및 다자녀(2인이상) 가구 / - 조제분유 : 기저귀 지원대상 중 산모의 사망 및 질병으로 모유수유가 불가능한 경우",ㅇ 신청기간 : 영아 출생 후 만 2년이 되는 날의 전날까지 신청,"ㅇ 내    용 : 기저귀 월 9만원, 조제분유 월 11만원 구매비 바우처 지원 / ㅇ 신    청 : (온라인)복지로 (오프라인)동주민센터, 보건소 방문",,ㅇ 문    의 : 중구보건소 ☎ 02-3396-6357,,"▶ 저소득층 기저귀·조제분유 지원
ㅇ 대    상 : 국내에 주민등록 또는 외국인 등록을 한 만 2세 미만 영아
※ 외국인의 경우 부모 중 어느 한쪽이 대한민국 국적을 가진 경우 지원
- 기저귀 : 기초생활보장수급자, 차상위계층, 한부모가족 수급 가구, 기준중위소득 80%이하 장애인 및 다자녀(2인이상) 가구
- 조제분유 : 기저귀 지원대상 중 산모의 사망 및 질병으로 모유수유가 불가능한 경우
ㅇ 신청기간 : 영아 출생 후 만 2년이 되는 날의 전날까지 신청
ㅇ 내    용 : 기저귀 월 9만원, 조제분유 월 11만원 구매비 바우처 지원
ㅇ 신    청 : (온라인)복지로 (오프라인)동주민센터, 보건소 방문
ㅇ 문    의 : 중구보건소 ☎ 02-3396-6357",https://www.junggu.seoul.kr/content.do?cmsid=16539&mode=view&cid=1371367132
중구,,미숙아 및 선천성 이상아 의료비 지원,ㅇ 대    상 : (미숙아)출생 후 24시간이내 신생아중환자실에 입원한 영아 (선천성이상아)출생후 2년이내 질병코드(Q코드) 진단받고 입원하여 수술한 경우 / ※ 외국인의 경우 부모 중 어느 한쪽이 대한민국 국적을 가진 경우 지원,,"ㅇ 내    용 : 진료비 영수증 전액본인부담금 및 비급여 진료비 / ㅇ 지원한도 : (미숙아)출생 시 체중에 따라 300~1,000만원 차등 지원 (선천성이상아) 1인당 500만원 한도 / ㅇ 신    청 : (온라인)e보건소공공포털 (오프라인)보건소 방문",,ㅇ 문    의 : 중구보건소 ☎ 02-3396-6357,,"▶ 미숙아 및 선천성 이상아 의료비 지원
ㅇ 대    상 : (미숙아)출생 후 24시간이내 신생아중환자실에 입원한 영아 (선천성이상아)출생후 2년이내 질병코드(Q코드) 진단받고 입원하여 수술한 경우
※ 외국인의 경우 부모 중 어느 한쪽이 대한민국 국적을 가진 경우 지원
ㅇ 내    용 : 진료비 영수증 전액본인부담금 및 비급여 진료비
ㅇ 지원한도 : (미숙아)출생 시 체중에 따라 300~1,000만원 차등 지원 (선천성이상아) 1인당 500만원 한도
ㅇ 신    청 : (온라인)e보건소공공포털 (오프라인)보건소 방문
ㅇ 문    의 : 중구보건소 ☎ 02-3396-6357",https://www.junggu.seoul.kr/content.do?cmsid=16539&mode=view&cid=1371367132
중구,,선천성대사이상 검사비 지원,ㅇ 대    상 : (선별검사)건강보험이 적용된 선천성대사이상 외래 선별검사를 받은 영아 (확진검사)선별검사 유소견 판정 후 확진검사 결과 확진판정 받은 영아 / ※ 외국인의 경우 부모 중 어느 한쪽이 대한민국 국적을 가진 경우 지원,ㅇ 신청기한 : 출생일로부터 1년 이내 신청 / ㅇ 신    청 : (온라인)e보건소공공포털 (오프라인)보건소 방문,ㅇ 내    용 : 선별검사비의 일부본인부담금 지원 (*검사비 외 항목은 지원 제외) 확진판정 후 확진검사비 지원(7만원 한도),,ㅇ 문    의 : 중구보건소 ☎ 02-3396-6357,,"▶ 선천성대사이상 검사비 지원
ㅇ 대    상 : (선별검사)건강보험이 적용된 선천성대사이상 외래 선별검사를 받은 영아 (확진검사)선별검사 유소견 판정 후 확진검사 결과 확진판정 받은 영아
※ 외국인의 경우 부모 중 어느 한쪽이 대한민국 국적을 가진 경우 지원
ㅇ 내    용 : 선별검사비의 일부본인부담금 지원 (*검사비 외 항목은 지원 제외) 확진판정 후 확진검사비 지원(7만원 한도)
ㅇ 신청기한 : 출생일로부터 1년 이내 신청
ㅇ 신    청 : (온라인)e보건소공공포털 (오프라인)보건소 방문
ㅇ 문    의 : 중구보건소 ☎ 02-3396-6357",https://www.junggu.seoul.kr/content.do?cmsid=16539&mode=view&cid=1371367132
중구,,선천성대사이상 환아관리,ㅇ 대    상 : 선천성 대사이상 및 희귀 등 질환으로 진단받아 특수식이 또는 의료비 지원이 필요한 신청일 기준 19세 미만 환아 / ※ 외국인의 경우 부모 중 어느 한쪽이 대한민국 국적을 가진 경우 지원,,"ㅇ 내    용 : 특수식이(특수조제분유, 저단백햇반) 지원 선천성 갑상선기능저하증 의료비 연 25만원 한도 지원 / ㅇ 신    청 : 보건소 방문 신청",,ㅇ 문    의 : 중구보건소 ☎ 02-3396-6357,,"▶ 선천성대사이상 환아관리
ㅇ 대    상 : 선천성 대사이상 및 희귀 등 질환으로 진단받아 특수식이 또는 의료비 지원이 필요한 신청일 기준 19세 미만 환아
※ 외국인의 경우 부모 중 어느 한쪽이 대한민국 국적을 가진 경우 지원
ㅇ 내    용 : 특수식이(특수조제분유, 저단백햇반) 지원 선천성 갑상선기능저하증 의료비 연 25만원 한도 지원
ㅇ 신    청 : 보건소 방문 신청
ㅇ 문    의 : 중구보건소 ☎ 02-3396-6357",https://www.junggu.seoul.kr/content.do?cmsid=16539&mode=view&cid=1371367132
중구,,신생아 난청 검사비 지원,ㅇ 대    상 : (선별검사)건강보험이 적용된 난청 외래 선별검사를 받은 영아 (확진검사)선별검사 유소견 판정 후 확진검사를 받은 영아 / ※ 외국인의 경우 부모 중 어느 한쪽이 대한민국 국적을 가진 경우 지원,ㅇ 신청기한 : 출생일로부터 1년 이내 신청 / ㅇ 신    청 : (온라인)e보건소공공포털 (오프라인)보건소 방문,ㅇ 내    용 : 선별검사비의 일부본인부담금 지원 (*검사비 외 항목은 지원 제외) 확진검사 결과에 관계 없이 확진검사비 지원(7만원 한도),,ㅇ 문    의 : 중구보건소 ☎ 02-3396-6357,,"▶ 신생아 난청 검사비 지원
ㅇ 대    상 : (선별검사)건강보험이 적용된 난청 외래 선별검사를 받은 영아 (확진검사)선별검사 유소견 판정 후 확진검사를 받은 영아
※ 외국인의 경우 부모 중 어느 한쪽이 대한민국 국적을 가진 경우 지원
ㅇ 내    용 : 선별검사비의 일부본인부담금 지원 (*검사비 외 항목은 지원 제외) 확진검사 결과에 관계 없이 확진검사비 지원(7만원 한도)
ㅇ 신청기한 : 출생일로부터 1년 이내 신청
ㅇ 신    청 : (온라인)e보건소공공포털 (오프라인)보건소 방문
ㅇ 문    의 : 중구보건소 ☎ 02-3396-6357",https://www.junggu.seoul.kr/content.do?cmsid=16539&mode=view&cid=1371367132
중구,,영유아 보청기 지원,"ㅇ 대    상 : 만 5세(만60개월) 미만 영유아 / ※ 외국인의 경우 부모 중 어느 한쪽이 대한민국 국적을 가진 경우 지원 - (양측성 난청) 청력이 좋은 귀의 평균 청력역치가 40~59dB로서,청각장애 등급을 받지 못하는 난청이 있는 경우 보청기 2개 지원 - (일측성 난청) 나쁜 귀의 평균 청력역치가 55dB 이상이면서, 좋은 귀의 평균 청력역치가 40dB 이하인 경우 보청기 1개 지원",,"ㅇ 내    용 : 보청기 1개 또는 2개 (개당 135만원 한도) / ㅇ 신    청 : (온라인)e보건소공공포털, (오프라인)보건소 방문",,ㅇ 문    의 : 중구보건소 ☎ 02-3396-6357,,"▶ 영유아 보청기 지원
ㅇ 대    상 : 만 5세(만60개월) 미만 영유아
※ 외국인의 경우 부모 중 어느 한쪽이 대한민국 국적을 가진 경우 지원 - (양측성 난청) 청력이 좋은 귀의 평균 청력역치가 40~59dB로서,청각장애 등급을 받지 못하는 난청이 있는 경우 보청기 2개 지원 - (일측성 난청) 나쁜 귀의 평균 청력역치가 55dB 이상이면서, 좋은 귀의 평균 청력역치가 40dB 이하인 경우 보청기 1개 지원
ㅇ 내    용 : 보청기 1개 또는 2개 (개당 135만원 한도)
ㅇ 신    청 : (온라인)e보건소공공포털, (오프라인)보건소 방문
ㅇ 문    의 : 중구보건소 ☎ 02-3396-6357",https://www.junggu.seoul.kr/content.do?cmsid=16539&mode=view&cid=1371367132
중구,,<중구민 건강마일리지 사업>,,,,"ㅇ 이용방법 : 1일 걸음수 목표설정하고 목표를 달성하면 마일리지 적립 ㅇ F-5 비자 중구민 인증 방법 / - 제출서류 : 등록신청서, 영주증(사본), 외국인등록사실증명서 / - 신청방법 : 건강마일리지 앱 → 전체메뉴 → 질문답변 → 글쓰기 → 내용 및 파일 등록",중구 보건지소과 ☎ 02-3396-6395,,"▶ <중구민 건강마일리지 사업>
ㅇ 이용방법 : 1일 걸음수 목표설정하고 목표를 달성하면 마일리지 적립 ㅇ F-5 비자 중구민 인증 방법
- 제출서류 : 등록신청서, 영주증(사본), 외국인등록사실증명서
- 신청방법 : 건강마일리지 앱 → 전체메뉴 → 질문답변 → 글쓰기 → 내용 및 파일 등록
ㅇ 문     의 : 중구 보건지소과 ☎ 02-3396-6395",https://www.junggu.seoul.kr/content.do?cmsid=16539&mode=view&cid=1371356544
중구,,< 중구민 자전거보험>,ㅇ 대       상 : 중구에 주민등록된 모든 구민 / ※ 무료 자동 가입,ㅇ 청구기간 : 사고 발생일로부터 3년 내 청구,ㅇ 보장내용 : 자전거 운전(탑승) 사고 또는 통행(보행) 중 자전거로부터 입은 사고,ㅇ 청구방법 : 피보험자가 DB손해보험(☎ 1899-7751)으로 직접 청구,중구청 교통행정과 ☎ 02-3396-6209,,"▶ < 중구민 자전거보험>
ㅇ 대       상 : 중구에 주민등록된 모든 구민
※ 무료 자동 가입
ㅇ 보장내용 : 자전거 운전(탑승) 사고 또는 통행(보행) 중 자전거로부터 입은 사고
ㅇ 청구기간 : 사고 발생일로부터 3년 내 청구
ㅇ 청구방법 : 피보험자가 DB손해보험(☎ 1899-7751)으로 직접 청구
ㅇ 문       의 : 중구청 교통행정과 ☎ 02-3396-6209",https://www.junggu.seoul.kr/content.do?cmsid=16539&mode=view&cid=1371342445
중구,,<서울 중구 관광투어패스>,,,"ㅇ 내 용 : 구매 후 24시간 동안 중구 주요 관광지, 체험시설 등에서 무료이용 및 할인혜택을 받는 모바일 여행 상품 / ㅇ 가 격 ① 기본권 : 9,900원 / - 가맹점 : 37개소 이용가능(남산테이블카, 테테루 뮤지엄, 헤이티 제외) ② 패키지권 : 19,900원(네이버 스마트스토어) / 21,900원(기타 플랫폼) / - 가맹점 수수료 차이로 판매가 상이 / - 기타 플랫폼 : 15개(투어패스몰, 스마트스토어, 쿠팡, 11번가, 이베이, 야놀자,여기어때 등) / - 가맹점 : 40개소 이용 가능(남산케이블카, 덕수궁 등)",ㅇ 구입방법 : 판매사이트 구매 후 카카오톡 또는 문자 수신 / ※ 한국 핸드폰번호 소지 시 구매 가능 / ★구 매 처 : / https://smartstore.naver.com/lscompany01/products/11548430713,중구청 체육관광과 ☎02-3396-4643,,"▶ <서울 중구 관광투어패스>
ㅇ 내 용 : 구매 후 24시간 동안 중구 주요 관광지, 체험시설 등에서 무료이용 및 할인혜택을 받는 모바일 여행 상품
ㅇ 가 격 ① 기본권 : 9,900원
- 가맹점 : 37개소 이용가능(남산테이블카, 테테루 뮤지엄, 헤이티 제외) ② 패키지권 : 19,900원(네이버 스마트스토어) / 21,900원(기타 플랫폼)
- 가맹점 수수료 차이로 판매가 상이
- 기타 플랫폼 : 15개(투어패스몰, 스마트스토어, 쿠팡, 11번가, 이베이, 야놀자,여기어때 등)
- 가맹점 : 40개소 이용 가능(남산케이블카, 덕수궁 등)
ㅇ 구입방법 : 판매사이트 구매 후 카카오톡 또는 문자 수신
※ 한국 핸드폰번호 소지 시 구매 가능
★구 매 처 :
https://smartstore.naver.com/lscompany01/products/11548430713
ㅇ 문 의 : 중구청 체육관광과 ☎02-3396-4643",https://www.junggu.seoul.kr/content.do?cmsid=16539&mode=view&cid=1371339757
중구,,<중구 관광안내지도 영문판 다운로드 및 우편 발송서비스>,,,,ㅇ 신청방법 : 인터넷 신청 후 신청 주소로 우편수령 (1인당 5매 이내) / ★신청사이트 : / https://www.junggu.seoul.kr/tour/content.do?cmsid=14965),중구청 체육관광과 ☎02-3396-4643,,"▶ <중구 관광안내지도 영문판 다운로드 및 우편 발송서비스>
ㅇ 신청방법 : 인터넷 신청 후 신청 주소로 우편수령 (1인당 5매 이내)
★신청사이트 :
https://www.junggu.seoul.kr/tour/content.do?cmsid=14965)
ㅇ 문 의 : 중구청 체육관광과 ☎02-3396-4643",https://www.junggu.seoul.kr/content.do?cmsid=16539&mode=view&cid=1371321624
중구,,임산부 보건소 등록관리 지원,ㅇ 대상 : 대한민국 국적 배우자과 결혼한 결혼이민 임신부(F6 결혼이민 비자),,"ㅇ 내용 : 산전검사, 엽산제 및 철분제 공급, 출산 후 유축기 대여",,ㅇ 문의 : 중구 보건소 ☎ 02-3396-6496/5679,,"▶ 임산부 보건소 등록관리 지원
ㅇ 대상 : 대한민국 국적 배우자과 결혼한 결혼이민 임신부(F6 결혼이민 비자)
ㅇ 내용 : 산전검사, 엽산제 및 철분제 공급, 출산 후 유축기 대여
ㅇ 문의 : 중구 보건소 ☎ 02-3396-6496/5679",https://www.junggu.seoul.kr/content.do?cmsid=16539&mode=view&cid=1371153241
중구,,임산부 교통비 지원,ㅇ 대상 : 임신 3개월~출산 후 3개월 기간내 속한 서울시 거주 임산부 (부부 중 한 명이 한국국적 주민),,ㅇ 내용 : 1인당 70만원 교통포인트 지원,ㅇ 신청방법 : 등록지 관할 동주민센터 방문 신청 또는 서울맘케어시스템 온라인 신청,중구 가족정책과 ☎ 02-3396-5434,,"▶ 임산부 교통비 지원
ㅇ 대상 : 임신 3개월~출산 후 3개월 기간내 속한 서울시 거주 임산부 (부부 중 한 명이 한국국적 주민)
ㅇ 내용 : 1인당 70만원 교통포인트 지원
ㅇ 신청방법 : 등록지 관할 동주민센터 방문 신청 또는 서울맘케어시스템 온라인 신청
ㅇ 문의 : 중구 가족정책과 ☎ 02-3396-5434",https://www.junggu.seoul.kr/content.do?cmsid=16539&mode=view&cid=1371153241
중구,,고위험 임산부 의료비 지원,"ㅇ 대상 : 19대 고위험 임신질환 진단 후 입원치료를 받은 산모 / ※ F6(결혼이민) 산모, 부부 모두 외국인인 경우(F5(영주권)에 한해 지원)",,"ㅇ 내용 : 입원치료비 중 전액본인부담금 및 비급여 진료비 90%, 최대 300만원 한도 지원 / ㅇ 신청 : (온라인)e보건소공공포털 (오프라인)보건소 방문",,ㅇ 문의 : 중구보건소 ☎ 02-3396-6357,,"▶ 고위험 임산부 의료비 지원
ㅇ 대상 : 19대 고위험 임신질환 진단 후 입원치료를 받은 산모
※ F6(결혼이민) 산모, 부부 모두 외국인인 경우(F5(영주권)에 한해 지원)
ㅇ 내용 : 입원치료비 중 전액본인부담금 및 비급여 진료비 90%, 최대 300만원 한도 지원
ㅇ 신청 : (온라인)e보건소공공포털 (오프라인)보건소 방문
ㅇ 문의 : 중구보건소 ☎ 02-3396-6357",https://www.junggu.seoul.kr/content.do?cmsid=16539&mode=view&cid=1371153241
중구,,35세 이상 임산부 의료비 지원,"ㅇ 대상 : 분만예정 연도 기준 35세 이상 임산부 / ※ 배우자가 내국인인 경우 지원, 부부 모두 외국인인 경우 지원 불가",,ㅇ 내용 : 임신 중 외래 진료 및 검사비 최대 50만원 지원 / ㅇ 신청 : (온라인)몽땅정보만능키 (오프라인)보건소 방문,,ㅇ 문의 : 중구보건소 ☎ 02-3396-6357,,"▶ 35세 이상 임산부 의료비 지원
ㅇ 대상 : 분만예정 연도 기준 35세 이상 임산부
※ 배우자가 내국인인 경우 지원, 부부 모두 외국인인 경우 지원 불가
ㅇ 내용 : 임신 중 외래 진료 및 검사비 최대 50만원 지원
ㅇ 신청 : (온라인)몽땅정보만능키 (오프라인)보건소 방문
ㅇ 문의 : 중구보건소 ☎ 02-3396-6357",https://www.junggu.seoul.kr/content.do?cmsid=16539&mode=view&cid=1371153241
중구,,산후조리비용 지원,ㅇ 대상 : 중구에 주민등록 또는 외국인 등록을 둔 출산가정 / - 신청일 기준 6개월(180일) 전부터 중구 거주 산모(F6(결혼이민) 산모 포함) / - 중구에 자녀 출생등록,ㅇ 신청기간 : 출산일 기준 60일 이내,50만원 현금 계좌 지급 및 100만원 바우처 지원,ㅇ 신청방법 : (온라인) 서울맘케어시스템 (오프라인)동주민센터 방문,ㅇ 문의 : 중구보건소 ☎ 02-3396-5678,,"▶ 산후조리비용 지원
ㅇ 대상 : 중구에 주민등록 또는 외국인 등록을 둔 출산가정
ㅇ 신청기간 : 출산일 기준 60일 이내
ㅇ 지원자격
- 신청일 기준 6개월(180일) 전부터 중구 거주 산모(F6(결혼이민) 산모 포함)
- 중구에 자녀 출생등록
ㅇ 신청방법 : (온라인) 서울맘케어시스템 (오프라인)동주민센터 방문
ㅇ 내용 : 50만원 현금 계좌 지급 및 100만원 바우처 지원
ㅇ 문의 : 중구보건소 ☎ 02-3396-5678",https://www.junggu.seoul.kr/content.do?cmsid=16539&mode=view&cid=1371153241
중구,,산모신생아 건강관리지원사업,"ㅇ 대상 : 국내에 주민등록 또는 외국인 등록을 둔 출산가정 / ※ F6(결혼이민) 산모, 부부 모두 외국인인 경우(F2(거주), F5(영주권)에 한해 지원)",ㅇ 신청기간 : 출산예정일 기준일 40일 전 ~ 출산 후 60일 이내,"ㅇ 내용 : 기준중위소득 150% 기준으로 산모신생아 건강관리사 방문서비스(산모 및 신생아 건강관리, 가사활동지원 등)에 대한 / 정부지원금을 바우처 형태로 지원",ㅇ 신청방법 : (온라인)복지로 (오프라인)보건소 방문,중구보건소 ☎ 02-3396-6358/5678,,"▶ 산모신생아 건강관리지원사업
ㅇ 대상 : 국내에 주민등록 또는 외국인 등록을 둔 출산가정
※ F6(결혼이민) 산모, 부부 모두 외국인인 경우(F2(거주), F5(영주권)에 한해 지원)
ㅇ 신청기간 : 출산예정일 기준일 40일 전 ~ 출산 후 60일 이내
ㅇ 내용 : 기준중위소득 150% 기준으로 산모신생아 건강관리사 방문서비스(산모 및 신생아 건강관리, 가사활동지원 등)에 대한
정부지원금을 바우처 형태로 지원
ㅇ 신청방법 : (온라인)복지로 (오프라인)보건소 방문
ㅇ 문의 : 중구보건소 ☎ 02-3396-6358/5678",https://www.junggu.seoul.kr/content.do?cmsid=16539&mode=view&cid=1371153241
중구,,난임부부 시술비 지원,"ㅇ 대상 : 법적 혼인상태, 신청일 기준 1년 이상 사실혼 관계의 난임부부 / - 부부 중 한 명은 주민등록상 대한민국 국적 소유자 / - 부부 모두 건강보험 가입 및 보험료 고지 여부가 확인되는 자",,"ㅇ 내용 : 체외수정(신선배아, 동결배아) 및 인공수정 시술비·약제비 지원 / (신선배아 최대 110만원, 동결배아 최대 50만원, 인공수정 최대 30만원 한도) / ㅇ 신청 : (온라인)정부24, e보건소공공포털 (오프라인)보건소 방문",,ㅇ 문의 : 중구보건소 ☎ 02-3396-6357/6358,,"▶ 난임부부 시술비 지원
ㅇ 대상 : 법적 혼인상태, 신청일 기준 1년 이상 사실혼 관계의 난임부부
ㅇ 지원자격
- 부부 중 한 명은 주민등록상 대한민국 국적 소유자
- 부부 모두 건강보험 가입 및 보험료 고지 여부가 확인되는 자
ㅇ 내용 : 체외수정(신선배아, 동결배아) 및 인공수정 시술비·약제비 지원
(신선배아 최대 110만원, 동결배아 최대 50만원, 인공수정 최대 30만원 한도)
ㅇ 신청 : (온라인)정부24, e보건소공공포털 (오프라인)보건소 방문
ㅇ 문의 : 중구보건소 ☎ 02-3396-6357/6358",https://www.junggu.seoul.kr/content.do?cmsid=16539&mode=view&cid=1371153241
중구,,"1. K-beauty, 나만 따라 와~",ㅇ 교육대상 : 중구에 거주하고 있는 외국인 및 다문화가족 부모님,"ㅇ 교육기간 : 2025. 8. 23. / 8. 30. / 9. 6. 매주 토요일 10~12시 / ※ 총 3회 운영 / ㅇ 수강료 : 참가비 10,000원 / ㅇ 접수기간 : 2025. 7. 14.(월) ~ 8. 11.(월)",ㅇ 교육내용 : 퍼스널컬러를 통한 기초메이크업 배우기,ㅇ 접수방법 : 방문 및 아래 링크 접수 / → / https://naver.me/xoQtn7Lz / ( / https://naver.me/xoQtn7Lz),6713(신당동주민센터 주민행정팀),ㅇ 교육장소 : 신당누리센터 3층 배움누리,"▶ 1. K-beauty, 나만 따라 와~
ㅇ 교육내용 : 퍼스널컬러를 통한 기초메이크업 배우기
ㅇ 교육장소 : 신당누리센터 3층 배움누리
ㅇ 교육대상 : 중구에 거주하고 있는 외국인 및 다문화가족 부모님
ㅇ 교육기간 : 2025. 8. 23. / 8. 30. / 9. 6. 매주 토요일 10~12시
※ 총 3회 운영
ㅇ 수강료 : 참가비 10,000원
ㅇ 접수기간 : 2025. 7. 14.(월) ~ 8. 11.(월)
ㅇ 접수방법 : 방문 및 아래 링크 접수
→
https://naver.me/xoQtn7Lz
(
https://naver.me/xoQtn7Lz)
ㅇ 문의 ☎3396-6713(신당동주민센터 주민행정팀)",https://www.junggu.seoul.kr/content.do?cmsid=16540&mode=view&cid=1377927260
중구,,2. K-Pop 댄스,ㅇ 교육대상 : 중구에 거주하고 있는 외국인 초등학생 및 다문화가정의 초등학생,"ㅇ 교육기간 : 2025. 8. 23. / 8. 30. / 9. 6. 매주 토요일 11~12시 / ※ 총 3회 운영 / ㅇ 수강료 : 참가비 1,000원 / ㅇ 접수기간 : 2025. 7. 14.(월) ~ 8. 11.(월)",,ㅇ 접수방법 : 방문 및 아래 링크 접수 (선착순 10명) / → / https://naver.me/xJGvjIVR / ( / https://naver.me/xJGvjIVR),6713(신당동주민센터 주민행정팀),ㅇ 교육장소 : 신당누리센터 5층 배움누리,"▶ 2. K-Pop 댄스
ㅇ 교육장소 : 신당누리센터 5층 배움누리
ㅇ 교육대상 : 중구에 거주하고 있는 외국인 초등학생 및 다문화가정의 초등학생
ㅇ 교육기간 : 2025. 8. 23. / 8. 30. / 9. 6. 매주 토요일 11~12시
※ 총 3회 운영
ㅇ 수강료 : 참가비 1,000원
ㅇ 접수기간 : 2025. 7. 14.(월) ~ 8. 11.(월)
ㅇ 접수방법 : 방문 및 아래 링크 접수 (선착순 10명)
→
https://naver.me/xJGvjIVR
(
https://naver.me/xJGvjIVR)
ㅇ 문의 ☎3396-6713(신당동주민센터 주민행정팀)",https://www.junggu.seoul.kr/content.do?cmsid=16540&mode=view&cid=1377927260
중구,,1. 신당5동 찍고가게,,,"- 다문화가정의 행복액자를 직접 제작하고 이를 고향에 보내며, 가족 간의 정서적 유대와 소통을 지원하는 활동",,,,"▶ 1. 신당5동 찍고가게
- 다문화가정의 행복액자를 직접 제작하고 이를 고향에 보내며, 가족 간의 정서적 유대와 소통을 지원하는 활동",https://www.junggu.seoul.kr/content.do?cmsid=16540&mode=view&cid=1371306120
중구,,2. 생활행복교실,,,- 세무·부동산·법 교육 등 실생활에 필요한 정보와 생활 안정과 만족도를 높이는 교육을 제공 / ■ I am Experience / - 새로운 경험,,,,"▶ 2. 생활행복교실
- 세무·부동산·법 교육 등 실생활에 필요한 정보와 생활 안정과 만족도를 높이는 교육을 제공
■ I am Experience
- 새로운 경험",https://www.junggu.seoul.kr/content.do?cmsid=16540&mode=view&cid=1371306120
중구,,1. 다문화 1인가구 밀키트 만들기,,,"- 다문화 아이들을 포함한 1인가구를 위한 밀키트를 직접 제작하고 나누는 과정을 통해, 이웃사랑을 실천하며 배움과 나눔의 가치를 확산",,,,"▶ 1. 다문화 1인가구 밀키트 만들기
- 다문화 아이들을 포함한 1인가구를 위한 밀키트를 직접 제작하고 나누는 과정을 통해, 이웃사랑을 실천하며 배움과 나눔의 가치를 확산",https://www.junggu.seoul.kr/content.do?cmsid=16540&mode=view&cid=1371306120
중구,,2. 다문화 주민강사 문화교류,,,"- 다문화 주민이 강사로 나서 문화 다양성에 대한 이해를 높이고, 직접 참여할 수 있는 기회를 제공",,,,"▶ 2. 다문화 주민강사 문화교류
- 다문화 주민이 강사로 나서 문화 다양성에 대한 이해를 높이고, 직접 참여할 수 있는 기회를 제공",https://www.junggu.seoul.kr/content.do?cmsid=16540&mode=view&cid=1371306120
중구,,3. 어린이날 지구촌 의상 체험관,,,"- 세계 각국의 전통 의상을 입고 사진을 찍는 활동을 통해, 가족과 함께하는 즐거운 문화 체험과 다문화 감수성을 높이는 기회를 제공 / ■ I am Connect / - 공동체 연결",,,,"▶ 3. 어린이날 지구촌 의상 체험관
- 세계 각국의 전통 의상을 입고 사진을 찍는 활동을 통해, 가족과 함께하는 즐거운 문화 체험과 다문화 감수성을 높이는 기회를 제공
■ I am Connect
- 공동체 연결",https://www.junggu.seoul.kr/content.do?cmsid=16540&mode=view&cid=1371306120
중구,,1. 신당5 문화교차로 발간,,,"- 신당5동의 다양한 소식을 중국어, 베트남어 등 외국어로 번역한 소식지를 발간",,,,"▶ 1. 신당5 문화교차로 발간
- 신당5동의 다양한 소식을 중국어, 베트남어 등 외국어로 번역한 소식지를 발간",https://www.junggu.seoul.kr/content.do?cmsid=16540&mode=view&cid=1371306120
중구,,2. 다(多)빛 어울림전,,,,,ㅇ 문 의 : 신당5동주민센터 (02-3396-6834),,"▶ 2. 다(多)빛 어울림전
- 지역 주민들의 커뮤니티 활동 결과물을 전시하고, 전시회를 통해 다양한 문화를 이해하고 공감할 수 있는 소통의 장을 마련
ㅇ 문 의 : 신당5동주민센터 (02-3396-6834)",https://www.junggu.seoul.kr/content.do?cmsid=16540&mode=view&cid=1371306120
중구,,[장충동] 외국인 유학생 대상 환경 캠페인,ㅇ 대 상 : 동국대학교 신입 유학생,ㅇ 일 시 : 2025. 9월 (새학기 오리엔테이션 예정),ㅇ 주요내용 : 올바른 쓰레기 배출 방법 및 환경 인식 개선 방문 교육,,ㅇ 문 의 : 장충동주민센터 (02-3396-6622),ㅇ 장 소 : 동국대학교,"▶ [장충동] 외국인 유학생 대상 환경 캠페인
ㅇ 장 소 : 동국대학교
ㅇ 일 시 : 2025. 9월 (새학기 오리엔테이션 예정)
ㅇ 대 상 : 동국대학교 신입 유학생
ㅇ 주요내용 : 올바른 쓰레기 배출 방법 및 환경 인식 개선 방문 교육
ㅇ 문 의 : 장충동주민센터 (02-3396-6622)",https://www.junggu.seoul.kr/content.do?cmsid=16540&mode=view&cid=137129866
중구,,[광희동] 한국어 교육,ㅇ 대 상 : 관내 외국인 학부모 및 어린이,ㅇ 일 시 : 2025. 7~9월 (예정),ㅇ 주요내용 : 한국어 교육 프로그램 중급반(7~9월),,ㅇ 문 의 : 광희동주민센터 (02-3396-6654),ㅇ 장 소 : 동주민센터 대강당,"▶ [광희동] 한국어 교육
ㅇ 장 소 : 동주민센터 대강당
ㅇ 일 시 : 2025. 7~9월 (예정)
ㅇ 대 상 : 관내 외국인 학부모 및 어린이
ㅇ 주요내용 : 한국어 교육 프로그램 중급반(7~9월)
ㅇ 문 의 : 광희동주민센터 (02-3396-6654)",https://www.junggu.seoul.kr/content.do?cmsid=16540&mode=view&cid=1371283250
중구,,[광희동] 유라시아 식문화 체험,ㅇ 대 상 : 관내 외국인 학부모 및 어린이,ㅇ 일 시 : 2025. 9월 (예정),ㅇ 주요내용 : 유라시아 셰프와 요리교실,,ㅇ 문 의 : 광희동주민센터 (02-3396-6654),ㅇ 장 소 : 동주민센터 대강당 및 공유주방,"▶ [광희동] 유라시아 식문화 체험
ㅇ 장 소 : 동주민센터 대강당 및 공유주방
ㅇ 일 시 : 2025. 9월 (예정)
ㅇ 대 상 : 관내 외국인 학부모 및 어린이
ㅇ 주요내용 : 유라시아 셰프와 요리교실
ㅇ 문 의 : 광희동주민센터 (02-3396-6654)",https://www.junggu.seoul.kr/content.do?cmsid=16540&mode=view&cid=137127944
중구,,[황학동] 한국 음식 체험 프로그램,ㅇ 대 상 : 황학동 거주 다문화가정,ㅇ 일 시 : 2025년 하반기 (미정),ㅇ 주요내용 : 한국 음식 체험 수료제 프로그램,,ㅇ 문 의 : 황학동주민센터 (02-3396-6909),ㅇ 장 소 : 동주민센터 1층 공유주방,"▶ [황학동] 한국 음식 체험 프로그램
ㅇ 장 소 : 동주민센터 1층 공유주방
ㅇ 일 시 : 2025년 하반기 (미정)
ㅇ 대 상 : 황학동 거주 다문화가정
ㅇ 주요내용 : 한국 음식 체험 수료제 프로그램
ㅇ 문 의 : 황학동주민센터 (02-3396-6909)",https://www.junggu.seoul.kr/content.do?cmsid=16540&mode=view&cid=1371261581
